{"api":{"$self":{"name":"v1:16020037","groupId":"43242592-dfa1-4846-8356-bc313e84f9df","assetId":"american-flights-api","assetVersion":"1.0.1","productVersion":"v1","description":null,"tags":[],"order":1,"deprecated":false,"endpointUri":"http://training4-american-api-gopal.us-e2.cloudhub.io"}},"endpoint":{"$self":{"type":"rest","uri":"http://training4-american-ws-gopal.us-e2.cloudhub.io/api","proxyUri":"http://0.0.0.0:8081/","isCloudHub":true,"deploymentType":"CH","policiesVersion":null,"referencesUserDomain":false,"responseTimeout":null,"muleVersion4OrAbove":true}},"slaTiers":[{"$self":{"name":"Free","limits":[{"visible":true,"timePeriodInMilliseconds":60000,"maximumRequests":3}],"status":"ACTIVE","autoApprove":true,"description":null}},{"$self":{"name":"Paid","limits":[{"visible":true,"timePeriodInMilliseconds":1000,"maximumRequests":10}],"status":"ACTIVE","autoApprove":false,"description":null}}],"policyConfigurations":[{"$self":{"policyTemplateId":"293743","groupId":"68ef9520-24e9-4cf2-b2f5-620025690913","assetId":"rate-limiting-sla-based","assetVersion":"1.2.4","configurationData":{"clientIdExpression":"#[attributes.headers['client_id']]","clientSecretExpression":"#[attributes.headers['client_secret']]","clusterizable":true,"exposeHeaders":true},"pointcutData":null,"disabled":false,"order":1}}]}